Order Date,Order ID,Website,Purchase Order Number,Shipment Date,Shipping Address City,Shipping Address State,Shipping Address Zip,Order Status,Carrier Name & Tracking Number,Subtotal,Shipping Charge,Tax Before Promotions,Total Promotions,Tax Charged,Total Charged,Group Name
11/6/2012,002-3072880-0269809,Amazon.com,,11/6/2012,MALVERN,PA,19355-3222,Shipped,UPS(1ZVV65500355630089),$130.18 ,$0.00 ,$7.82 ,$0.00 ,$7.82 ,$138.00 ,
11/7/2012,002-6376286-4641065,Amazon.com,,11/7/2012,MALVERN,PA,19355-3222,Shipped,UPS(1Z602A6E0300243163),$10.99 ,$0.00 ,$0.66 ,$0.00 ,$0.66 ,$11.65 ,
11/12/2012,103-5245236-4670652,Amazon.com,,11/12/2012,MALVERN,PA,19355-3222,Shipped,UPS(1ZVV65500355884332),$0.00 ,$0.00 ,$0.00 ,$0.00 ,$0.00 ,$0.00 ,
11/28/2012,102-0915717-0042619,Amazon.com,,11/28/2012,MALVERN,PA,19355-3237,Shipped,UPS(1Z6Y3A560310105434),$39.98 ,$0.00 ,$2.40 ,$0.00 ,$2.40 ,$42.38 ,
2/19/2013,111-7799252-0977047,Amazon.com,,2/23/2013,MALVERN,PA,19355-3241,Shipped,USPS(9361289932159103195721),$101.96 ,$9.68 ,$6.12 ,$9.68 ,$6.12 ,$108.08 ,
3/4/2013,109-3421008-8901049,Amazon.com,,3/6/2013,WEST CHESTER,PA,19382-5154,Shipped,UPS(1Z26W74E0324407612),$52.85 ,$16.24 ,$0.00 ,$16.24 ,$0.00 ,$52.85 ,
4/8/2013,002-6070501-8268202,Amazon.com,,4/9/2013,WEST CHESTER,PA,19382-5154,Shipped,USPS(9374889932155101039667),$32.93 ,$5.34 ,$0.41 ,$0.00 ,$0.41 ,$38.68 ,
10/20/2013,104-7052500-8767447,Amazon.com,,10/21/2013,WEST CHESTER,PA,19382-5154,Shipped,LASERSHIP(9361289932133127788916),$27.78 ,$9.06 ,$0.00 ,$9.06 ,$0.00 ,$27.78 ,
10/20/2013,104-8307277-7822646,Amazon.com,,10/21/2013,WEST CHESTER,PA,19382-5154,Shipped,USPS(9300120111400261688533),$2.49 ,$4.56 ,$0.00 ,$0.00 ,$0.00 ,$7.05 ,
3/4/2014,106-7559500-5424204,Amazon.com,,3/6/2014,WEST CHESTER,PA,19382-5154,Shipped,DHL Global Mail(3601193820354597328941),$2.91 ,$0.00 ,$0.00 ,$0.00 ,$0.00 ,$2.91 ,
7/1/2014,104-4004419-7629841,Amazon.com,,7/3/2014,WEST CHESTER,PA,19382-5154,Shipped,USPS(9405516901307003806951),$17.23 ,$0.00 ,$0.00 ,$0.00 ,$0.00 ,$17.23 ,
7/26/2014,112-8426719-8502641,Amazon.com,,8/1/2014,WEST CHESTER,PA,19382-5154,Shipped,LASERSHIP(9361289949046400804480),$36.83 ,$6.78 ,$1.26 ,$6.78 ,$1.26 ,$38.09 ,
7/26/2014,112-9194909-0953024,Amazon.com,,7/26/2014,WEST CHESTER,PA,19382-5154,Shipped,USPS(0004000074513851039719382),$1.79 ,$0.00 ,$0.00 ,$0.00 ,$0.00 ,$1.79 ,
12/1/2014,110-4399355-0516262,Amazon.com,,12/2/2014,WEST CHESTER,PA,19382-5154,Shipped,FedEx(6161 0525 6465),$89.99 ,$9.87 ,$0.00 ,$0.00 ,$0.00 ,$99.86 ,
3/11/2015,002-8825341-4894606,Amazon.com,,3/13/2015,WEST CHESTER,PA,19382-5154,Shipped,USPS(9361289878604610294069),$37.46 ,$8.37 ,$0.18 ,$8.37 ,$0.18 ,$37.64 ,
10/2/2015,002-9294388-6843461,Amazon.com,,10/7/2015,WEST CHESTER,PA,19382-5154,Shipped,USPS(9361289878603411140223),$75.51 ,$11.16 ,$4.06 ,$11.16 ,$4.06 ,$79.57 ,
10/20/2015,114-2550892-2772223,Amazon.com,,10/22/2015,WEST CHESTER,PA,19382-5154,Shipped,UPS(1Z05R1750321494604),$178.85 ,$9.39 ,$0.48 ,$9.39 ,$0.48 ,$179.33 ,
3/27/2017,114-5321785-1509805,Amazon.com,,3/30/2017,WEST CHESTER,PA,19382-5154,Shipped,USPS(9361289681090182635021),$50.81 ,$5.30 ,$0.48 ,$5.30 ,$0.48 ,$51.29 ,
12/23/2017,113-2802385-2373843,Amazon.com,,12/24/2017,CHESTER SPRINGS,PA,19425-2109,Shipped,USPS(9374889681090299650067),$10.99 ,$0.00 ,$0.66 ,$0.00 ,$0.66 ,$11.65 ,
12/23/2017,113-2802385-2373843,Amazon.com,,12/27/2017,CHESTER SPRINGS,PA,19425-2109,Shipped,UPS(1Z0W37A80313779924),$15.48 ,$0.00 ,$0.39 ,$0.00 ,$0.39 ,$15.87 ,
1/31/2019,112-7386664-0894611,Amazon.com,,2/2/2019,CHESTER SPRINGS,PA,19425-2109,Shipped,AMZN_US(TBA762621957000),$53.46 ,$11.61 ,$3.20 ,$11.61 ,$3.20 ,$56.66 ,
1/31/2019,112-9908691-9625863,Amazon.com,,2/4/2019,CHESTER SPRINGS,PA,19425-2109,Shipped,UPS(1Z3Y92670398386828),$289.99 ,$0.00 ,$16.53 ,$14.50 ,$16.53 ,$292.02 ,
2/27/2019,112-5597180-4906656,Amazon.com,,2/28/2019,CHESTER SPRINGS,PA,19425-2109,Shipped,AMZN_US(TBA862498014000),$15.95 ,$0.00 ,$0.96 ,$0.00 ,$0.96 ,$16.91 ,
2/27/2019,112-5597180-4906656,Amazon.com,,2/28/2019,CHESTER SPRINGS,PA,19425-2109,Shipped,AMZN_US(TBA863122849000),$23.88 ,$0.00 ,$0.00 ,$0.00 ,$0.00 ,$23.88 ,
4/3/2019,111-6877966-8989052,Amazon.com,,4/5/2019,CHESTER SPRINGS,PA,19425-2109,Shipped,UPS(1Z442RE60300187984),$5.80 ,$0.00 ,$0.35 ,$0.00 ,$0.35 ,$6.15 ,
4/13/2019,111-5217877-5469049,Amazon.com,,4/14/2019,CHESTER SPRINGS,PA,19425-2109,Shipped,USPS(9374889714090179201416),$6.99 ,$0.00 ,$0.42 ,$0.00 ,$0.42 ,$7.41 ,
4/17/2019,111-4753082-9489050,Amazon.com,,4/18/2019,CHESTER SPRINGS,PA,19425-2109,Shipped,USPS(9374889714090182846543),$45.99 ,$0.00 ,$2.16 ,$10.00 ,$2.16 ,$38.15 ,
5/2/2019,111-8056633-4621854,Amazon.com,,5/3/2019,CHESTER SPRINGS,PA,19425-2109,Shipped,AMZN_US(TBA134226397000),$9.99 ,$0.00 ,$0.60 ,$0.00 ,$0.60 ,$10.59 ,
5/22/2019,111-0141440-4495455,Amazon.com,,5/23/2019,CHESTER SPRINGS,PA,19425-2109,Shipped,UPS(1Z0124YV0398764593),$14.99 ,$0.00 ,$0.90 ,$0.00 ,$0.90 ,$15.89 ,
7/7/2019,111-1496088-5187441,Amazon.com,,7/7/2019,CHESTER SPRINGS,PA,19425-2109,Shipped,,$44.99 ,$0.00 ,$2.70 ,$0.00 ,$2.70 ,$47.69 ,
7/7/2019,111-5178237-2869059,Amazon.com,,7/7/2019,CHESTER SPRINGS,PA,19425-2109,Shipped,AMZN_US(TBA457584228000),$398.99 ,$12.82 ,$23.94 ,$12.82 ,$23.94 ,$422.93 ,
9/6/2019,114-5068676-0987438,Amazon.com,,9/7/2019,CHESTER SPRINGS,PA,19425-2109,Shipped,AMZN_US(TBA801024851000),$27.94 ,$0.00 ,$0.90 ,$0.00 ,$0.90 ,$28.84 ,
10/4/2019,111-0728606-8251453,Amazon.com,,10/5/2019,CHESTER SPRINGS,PA,19425-2109,Shipped,AMZN_US(TBA953535152000),$16.95 ,$0.00 ,$1.02 ,$0.00 ,$1.02 ,$17.97 ,
1/14/2020,111-0616364-5548233,Amazon.com,,1/15/2020,CHESTER SPRINGS,PA,19425-2109,Shipped,AMZN_US(TBA678396222000),$24.99 ,$8.82 ,$1.50 ,$8.82 ,$1.50 ,$26.49 ,
1/14/2020,111-0616364-5548233,Amazon.com,,1/16/2020,CHESTER SPRINGS,PA,19425-2109,Shipped,AMZN_US(TBA688400521000),$37.63 ,$2.30 ,$2.26 ,$2.30 ,$2.26 ,$39.89 ,
2/6/2020,114-1494699-1173864,Amazon.com,,2/6/2020,CHESTER SPRINGS,PA,19425-2109,Shipped,AMZN_US(TBA831914132000),$50.00 ,$0.00 ,$0.00 ,$0.00 ,$0.00 ,$50.00 ,
2/26/2020,114-7393486-0621004,Amazon.com,,2/26/2020,CHESTER SPRINGS,PA,19425-2109,Shipped,UPS(1Z6A248A0303347562),$33.79 ,$0.00 ,$1.72 ,$5.07 ,$1.72 ,$30.44 ,
2/28/2020,114-2701617-8761856,Amazon.com,,3/1/2020,CHESTER SPRINGS,PA,19425-2109,Shipped,USPS(9374889681090671863481),$11.00 ,$0.00 ,$0.00 ,$11.00 ,$0.00 ,$0.00 ,
3/13/2020,111-8377275-0237007,Amazon.com,,3/14/2020,CHESTER SPRINGS,PA,19425-2109,Shipped,AMZN_US(TBA091073805000),$25.90 ,$0.00 ,$1.48 ,$1.30 ,$1.48 ,$26.08 ,
3/15/2020,111-0883350-7794615,Amazon.com,,3/23/2020,CHESTER SPRINGS,PA,19425-2109,Shipped,UPS(1Z077R3R0342083338),$6.88 ,$0.00 ,$0.17 ,$4.00 ,$0.17 ,$3.05 ,
3/21/2020,114-3195321-8577850,Amazon.com,,3/24/2020,CHESTER SPRINGS,PA,19425-2109,Shipped,AMZN_US(TBA155996329000),$39.99 ,$0.00 ,$2.40 ,$0.00 ,$2.40 ,$42.39 ,
3/30/2020,111-2350301-0268269,Amazon.com,,4/5/2020,CHESTER SPRINGS,PA,19425-2109,Shipped,AMZN_US(TBA003097073901),$36.73 ,$5.99 ,$0.98 ,$5.99 ,$0.98 ,$37.71 ,
4/9/2020,114-4729135-2171431,Amazon.com,,4/18/2020,CHESTER SPRINGS,PA,19425-2109,Shipped,AMZN_US(TBA012328127701),$16.47 ,$0.00 ,$0.00 ,$0.00 ,$0.00 ,$16.47 ,
4/19/2020,111-4831225-9995447,Amazon.com,,4/23/2020,CHESTER SPRINGS,PA,19425-2109,Shipped,AMZN_US(TBA015479673301),$29.99 ,$0.00 ,$1.80 ,$0.00 ,$1.80 ,$31.79 ,
4/19/2020,111-4831225-9995447,Amazon.com,,5/3/2020,CHESTER SPRINGS,PA,19425-2109,Shipped,AMZN_US(TBA024172800001),$11.99 ,$0.00 ,$0.72 ,$0.00 ,$0.72 ,$12.71 ,
4/19/2020,111-2905385-5416219,Amazon.com,,4/20/2020,CHESTER SPRINGS,PA,19425-2109,Shipped,Other(UB965063622TW),$4.49 ,$0.00 ,$0.27 ,$0.00 ,$0.27 ,$4.76 ,
4/19/2020,111-7021766-2103405,Amazon.com,,4/20/2020,CHESTER SPRINGS,PA,19425-2109,Shipped,AMZN_US(TBA215810830000),$6.99 ,$0.00 ,$0.42 ,$0.00 ,$0.42 ,$7.41 ,
4/25/2020,111-1497233-9203434,Amazon.com,,4/27/2020,CHESTER SPRINGS,PA,19425-2109,Shipped,USPS(9374889681090693438469),$6.99 ,$0.00 ,$0.42 ,$0.00 ,$0.42 ,$7.41 ,
4/25/2020,111-1497233-9203434,Amazon.com,,4/29/2020,CHESTER SPRINGS,PA,19425-2109,Shipped,AMZN_US(TBA020267908901),$16.99 ,$0.00 ,$1.02 ,$0.00 ,$1.02 ,$18.01 ,
4/25/2020,111-7450380-1388267,Amazon.com,,4/27/2020,CHESTER SPRINGS,PA,19425-2109,Shipped,USPS(9374889681090693438469),$6.48 ,$0.00 ,$0.39 ,$0.00 ,$0.39 ,$6.87 ,
4/29/2020,111-5298196-2456239,Amazon.com,,5/5/2020,CHESTER SPRINGS,PA,19425-2109,Shipped,AMZN_US(TBA025354088401),$5.99 ,$0.00 ,$0.36 ,$0.00 ,$0.36 ,$6.35 ,
5/2/2020,111-7893686-9992258,Amazon.com,,5/3/2020,CHESTER SPRINGS,PA,19425-2109,Shipped,AMZN_US(TBA024138174401),$50.94 ,$0.00 ,$3.06 ,$0.00 ,$3.06 ,$54.00 ,
5/10/2020,111-9271352-5628207,Amazon.com,,5/11/2020,CHESTER SPRINGS,PA,19425-2109,Shipped,USPS(9261290224053402197088),$10.85 ,$0.00 ,$0.65 ,$0.00 ,$0.65 ,$11.50 ,
5/12/2020,111-1033788-0549005,Amazon.com,,5/16/2020,CHESTER SPRINGS,PA,19425-2109,Shipped,AMZN_US(TBA034765898501),$19.99 ,$0.00 ,$1.20 ,$0.00 ,$1.20 ,$21.19 ,
5/14/2020,111-4830514-6660266,Amazon.com,,5/21/2020,CHESTER SPRINGS,PA,19425-2109,Shipped,UPS(1Z69662R0272439835),$24.99 ,$0.00 ,$0.90 ,$10.00 ,$0.90 ,$15.89 ,
5/15/2020,114-2088522-9825806,Amazon.com,,5/23/2020,CHESTER SPRINGS,PA,19425-2109,Shipped,AMZN_US(TBA042313287601),$36.99 ,$0.00 ,$2.22 ,$0.00 ,$2.22 ,$39.21 ,
5/28/2020,111-2634221-9908200,Amazon.com,,5/28/2020,CHESTER SPRINGS,PA,19425-2109,Shipped,AMZN_US(TBA227339801000),$15.99 ,$0.00 ,$0.96 ,$0.00 ,$0.96 ,$16.95 ,
6/17/2020,111-9135555-1705014,Amazon.com,,6/18/2020,CHESTER SPRINGS,PA,19425-2109,Shipped,USPS(9361289681090819325363),$29.99 ,$0.00 ,$1.62 ,$3.00 ,$1.62 ,$28.61 ,
6/18/2020,111-6678777-1313042,Amazon.com,,6/19/2020,CHESTER SPRINGS,PA,19425-2109,Shipped,UPSM(9274890984083606991114),$9.99 ,$0.00 ,$0.60 ,$0.00 ,$0.60 ,$10.59 ,
6/19/2020,111-5070134-1236225,Amazon.com,,6/20/2020,CHESTER SPRINGS,PA,19425-2109,Shipped,USPS(9361289681090820475323),$25.49 ,$0.00 ,$1.53 ,$0.00 ,$1.53 ,$27.02 ,
6/28/2020,114-5262825-0228238,Amazon.com,,6/29/2020,CHESTER SPRINGS,PA,19425-2109,Shipped,AMZN_US(TBA075907564401),$23.98 ,$0.00 ,$1.44 ,$0.00 ,$1.44 ,$25.42 ,
7/3/2020,111-8468086-1192226,Amazon.com,,7/8/2020,CHESTER SPRINGS,PA,19425-2109,Shipped,USPS(9374889681090727314691),$21.94 ,$0.00 ,$1.32 ,$0.00 ,$1.32 ,$23.26 ,
7/12/2020,111-0480993-8312257,Amazon.com,,7/12/2020,CHESTER SPRINGS,PA,19425-2109,Shipped,AMZN_US(TBA087795512701),$22.51 ,$0.00 ,$0.00 ,$1.67 ,$0.00 ,$20.84 ,
7/12/2020,111-0281868-1949851,Amazon.com,,7/14/2020,CHESTER SPRINGS,PA,19425-2109,Shipped,China Post(UX313108962VN),$2.90 ,$0.00 ,$0.17 ,$0.00 ,$0.17 ,$3.07 ,
7/21/2020,113-1947919-2189831,Amazon.com,,7/22/2020,CHESTER SPRINGS,PA,19425-2109,Shipped,AMZN_US(TBA097288999901),$25.00 ,$0.00 ,$1.43 ,$1.25 ,$1.43 ,$25.18 ,
7/21/2020,111-6969528-7653053,Amazon.com,,7/22/2020,CHESTER SPRINGS,PA,19425-2109,Shipped,USPS(9361289681090834959338),$16.56 ,$0.00 ,$0.00 ,$0.00 ,$0.00 ,$16.56 ,
7/28/2020,111-8994517-0932207,Amazon.com,,7/29/2020,CHESTER SPRINGS,PA,19425-2109,Shipped,USPS(9374889681090736705916),$13.58 ,$0.00 ,$0.00 ,$0.00 ,$0.00 ,$13.58 ,
7/28/2020,111-8994517-0932207,Amazon.com,,7/29/2020,CHESTER SPRINGS,PA,19425-2109,Shipped,USPS(9374889681090736876111),$11.98 ,$0.00 ,$0.72 ,$0.00 ,$0.72 ,$12.70 ,
7/28/2020,111-8994517-0932207,Amazon.com,,7/29/2020,CHESTER SPRINGS,PA,19425-2109,Shipped,USPS(9374889681090736791766),$10.99 ,$0.00 ,$0.66 ,$0.00 ,$0.66 ,$11.65 ,
8/5/2020,111-4575557-0268258,Amazon.com,,8/6/2020,CHESTER SPRINGS,PA,19425-2109,Shipped,USPS(9374889681090741008378),$17.90 ,$0.00 ,$0.00 ,$0.00 ,$0.00 ,$17.90 ,
8/10/2020,111-0674334-8580218,Amazon.com,,8/11/2020,CHESTER SPRINGS,PA,19425-2109,Shipped,USPS(9374889681090742976669),$16.95 ,$0.00 ,$0.00 ,$0.00 ,$0.00 ,$16.95 ,
8/11/2020,111-9341255-8117044,Amazon.com,,8/11/2020,CHESTER SPRINGS,PA,19425-2109,Shipped,AMZN_US(TBA245098386000),$52.99 ,$2.99 ,$3.18 ,$2.99 ,$3.18 ,$56.17 ,
8/20/2020,111-3493685-9109848,Amazon.com,,8/22/2020,CHESTER SPRINGS,PA,19425-2109,Shipped,USPS(9361289681090851046998),$11.27 ,$0.00 ,$0.49 ,$3.18 ,$0.49 ,$8.58 ,
8/20/2020,111-3493685-9109848,Amazon.com,,8/21/2020,CHESTER SPRINGS,PA,19425-2109,Shipped,USPS(9361289681090850664674),$35.01 ,$0.00 ,$1.51 ,$9.84 ,$1.51 ,$26.68 ,
8/20/2020,111-0483011-4680231,Amazon.com,,8/27/2020,CHESTER SPRINGS,PA,19425-2109,Shipped,AMZN_US(TBA130627820401),$6.98 ,$0.00 ,$0.30 ,$1.98 ,$0.30 ,$5.30 ,
9/2/2020,111-9465596-7106647,Amazon.com,,9/3/2020,CHESTER SPRINGS,PA,19425-2109,Shipped,USPS(9374889681090752832733),$7.99 ,$0.00 ,$0.48 ,$0.00 ,$0.48 ,$8.47 ,
9/2/2020,111-2729266-2818668,Amazon.com,,9/11/2020,CHESTER SPRINGS,PA,19425-2109,Shipped,AMZN_US(TBA145303846301),$10.99 ,$0.00 ,$0.66 ,$0.00 ,$0.66 ,$11.65 ,
9/6/2020,111-9385576-3481810,Amazon.com,,9/8/2020,CHESTER SPRINGS,PA,19425-2109,Shipped,UPS(1ZY5532R0345274736),$5.04 ,$0.00 ,$0.00 ,$0.00 ,$0.00 ,$5.04 ,
9/6/2020,111-2977792-3882600,Amazon.com,,9/6/2020,CHESTER SPRINGS,PA,19425-2109,Shipped,AMZN_US(TBA251589025000),$45.02 ,$2.99 ,$1.27 ,$5.49 ,$1.27 ,$43.79 ,
9/23/2020,111-5760574-2518612,Amazon.com,,9/25/2020,CHESTER SPRINGS,PA,19425-2109,Shipped,USPS(9405511202530820171822),$350.00 ,$0.00 ,$21.00 ,$0.00 ,$21.00 ,$371.00 ,
9/28/2020,111-6586589-7498620,Amazon.com,,9/29/2020,CHESTER SPRINGS,PA,19425-2109,Shipped,USPS(9374889681090760436435),$14.99 ,$0.00 ,$0.90 ,$0.00 ,$0.90 ,$15.89 ,
10/11/2020,111-1229931-1954655,Amazon.com,,10/12/2020,CHESTER SPRINGS,PA,19425-2109,Shipped,USPS(9374889681090764758755),$6.49 ,$0.00 ,$0.39 ,$0.00 ,$0.39 ,$6.88 ,
10/11/2020,111-6214904-0065839,Amazon.com,,10/12/2020,CHESTER SPRINGS,PA,19425-2109,Shipped,USPS(9361289681090871895293),$6.99 ,$0.00 ,$0.42 ,$0.00 ,$0.42 ,$7.41 ,
10/11/2020,111-0318609-3569000,Amazon.com,,10/12/2020,CHESTER SPRINGS,PA,19425-2109,Shipped,USPS(9361289681090871895293),$16.93 ,$0.00 ,$1.02 ,$0.00 ,$1.02 ,$17.95 ,
10/13/2020,111-1130855-8001869,Amazon.com,,10/13/2020,CHESTER SPRINGS,PA,19425-2109,Shipped,AMZN_US(TBA261720188000),$36.99 ,$2.99 ,$1.02 ,$23.00 ,$1.02 ,$18.00 ,
10/14/2020,111-9673914-2949842,Amazon.com,,10/14/2020,,,,Shipped,,$40.00 ,$0.00 ,$0.00 ,$0.00 ,$0.00 ,$40.00 ,
10/14/2020,111-7829920-9493057,Amazon.com,,10/19/2020,CHESTER SPRINGS,PA,19425-2109,Shipped,USPS(9361289681090875469971),$59.90 ,$0.00 ,$2.60 ,$16.63 ,$2.60 ,$45.87 ,
10/14/2020,111-4851061-8709815,Amazon.com,,10/15/2020,CHESTER SPRINGS,PA,19425-2109,Shipped,UPS(1Z3056EF0399292425),$33.99 ,$0.00 ,$1.84 ,$3.40 ,$1.84 ,$32.43 ,
10/19/2020,111-5092135-5253847,Amazon.com,,10/19/2020,CHESTER SPRINGS,PA,19425-2109,Shipped,USPS(9374889681090767852634),$8.99 ,$0.00 ,$0.54 ,$0.00 ,$0.54 ,$9.53 ,
10/20/2020,111-9412469-7677807,Amazon.com,,10/22/2020,CHESTER SPRINGS,PA,19425-2109,Shipped,USPS(9361289681090876786862),$21.89 ,$0.00 ,$0.00 ,$3.27 ,$0.00 ,$18.62 ,
10/20/2020,111-6146561-6681055,Amazon.com,,10/22/2020,CHESTER SPRINGS,PA,19425-2109,Shipped,USPS(9374889681090768202230),$16.27 ,$0.00 ,$0.00 ,$6.73 ,$0.00 ,$9.54 ,
10/22/2020,111-4230938-9849859,Amazon.com,,10/23/2020,CHESTER SPRINGS,PA,19425-2109,Shipped,USPS(9361289681090877394776),$8.98 ,$0.00 ,$0.54 ,$0.00 ,$0.54 ,$9.52 ,
11/3/2020,111-1928392-9559451,Amazon.com,,11/4/2020,CHESTER SPRINGS,PA,19425-2109,Shipped,UPS(1Z8378XR0309371419),$30.99 ,$0.00 ,$1.86 ,$0.00 ,$1.86 ,$32.85 ,
11/26/2020,113-5634777-7449026,Amazon.com,,11/27/2020,CHESTER SPRINGS,PA,19425-2109,Shipped,AMZN_US(TBA072178041004),$11.99 ,$0.00 ,$0.72 ,$0.00 ,$0.72 ,$12.71 ,
11/28/2020,113-6896408-5555423,Amazon.com,,11/30/2020,CHESTER SPRINGS,PA,19425-2109,Shipped,AMZN_US(TBA074899673004),$11.99 ,$0.00 ,$0.00 ,$0.00 ,$0.00 ,$11.99 ,
11/30/2020,113-7637613-8256245,Amazon.com,,11/30/2020,CHESTER SPRINGS,PA,19425-2109,Shipped,AMZN_US(TBA076641770804),$13.92 ,$0.00 ,$0.84 ,$0.00 ,$0.84 ,$14.76 ,
11/30/2020,113-8948821-0885019,Amazon.com,,12/2/2020,CHESTER SPRINGS,PA,19425-2109,Shipped,AMZN_US(TBA078705850304),$30.88 ,$0.00 ,$0.00 ,$21.62 ,$0.00 ,$9.26 ,
11/30/2020,113-4283569-5725012,Amazon.com,,12/2/2020,CHESTER SPRINGS,PA,19425-2109,Shipped,"UPS(1Z2W4E840305130121),UPS(1Z2W4E840337927925)",$38.95 ,$0.00 ,$2.34 ,$0.00 ,$2.34 ,$41.29 ,
12/1/2020,113-8980733-7833848,Amazon.com,,12/2/2020,CHESTER SPRINGS,PA,19425-2109,Shipped,USPS(9361289755009008458335),$4.99 ,$0.00 ,$0.30 ,$0.00 ,$0.30 ,$5.29 ,
12/1/2020,113-9237105-0944228,Amazon.com,,12/6/2020,CHESTER SPRINGS,PA,19425-2109,Shipped,SUREPOST(1Z81R983YN29951110),$10.99 ,$0.00 ,$0.33 ,$5.50 ,$0.33 ,$5.82 ,
12/1/2020,113-8605693-1021030,Amazon.com,,12/3/2020,CHESTER SPRINGS,PA,19425-2109,Shipped,AMZN_US(TBA079523961804),$22.90 ,$0.00 ,$0.69 ,$11.45 ,$0.69 ,$12.14 ,
12/2/2020,113-1007838-7365802,Amazon.com,,12/15/2020,CHESTER SPRINGS,PA,19425-2109,Shipped,USPS(9361289755009009069165),$11.68 ,$0.00 ,$0.00 ,$0.00 ,$0.00 ,$11.68 ,
12/2/2020,113-6125120-0661005,Amazon.com,,12/5/2020,CHESTER SPRINGS,PA,19425-2109,Shipped,AMZN_US(TBA082002932204),$3.59 ,$0.00 ,$0.22 ,$0.00 ,$0.22 ,$3.81 ,
12/3/2020,113-9619714-5874640,Amazon.com,,12/5/2020,CHESTER SPRINGS,PA,19425-2109,Shipped,UPS(1ZA3170W0385911227),$79.99 ,$0.00 ,$1.92 ,$47.99 ,$1.92 ,$33.92 ,
12/3/2020,113-6382042-7606603,Amazon.com,,12/4/2020,CHESTER SPRINGS,PA,19425-2109,Shipped,AMZN_US(TBA081559786704),$22.99 ,$0.00 ,$0.69 ,$11.50 ,$0.69 ,$12.18 ,
12/20/2020,113-5706845-3414627,Amazon.com,,12/21/2020,CHESTER SPRINGS,PA,19425-2109,Shipped,AMZN_US(TBA108481553004),$19.31 ,$0.00 ,$0.50 ,$11.01 ,$0.50 ,$8.80 ,
12/22/2020,113-4233649-6457036,Amazon.com,,12/22/2020,,,,Shipped,,$20.00 ,$0.00 ,$0.00 ,$0.00 ,$0.00 ,$20.00 ,
12/28/2020,113-8937616-0728213,Amazon.com,,1/8/2021,CHESTER SPRINGS,PA,19425-2109,Shipped,AMZN_US(TBA292036751000),$114.00 ,$0.00 ,$6.84 ,$0.00 ,$6.84 ,$120.84 ,
1/2/2021,113-1313858-8809017,Amazon.com,,1/4/2021,CHESTER SPRINGS,PA,19425-2109,Shipped,AMZN_US(TBA122747514404),$14.99 ,$0.00 ,$0.27 ,$10.49 ,$0.27 ,$4.77 ,
1/2/2021,113-7167855-7698625,Amazon.com,,1/4/2021,CHESTER SPRINGS,PA,19425-2109,Shipped,AMZN_US(TBA122747514404),$11.99 ,$0.00 ,$0.29 ,$7.19 ,$0.29 ,$5.09 ,
1/5/2021,113-6553650-5862650,Amazon.com,,1/5/2021,,,,Shipped,,$0.00 ,$0.00 ,$0.00 ,$0.00 ,$0.00 ,$0.00 ,
1/9/2021,113-7606701-5006629,Amazon.com,,1/10/2021,CHESTER SPRINGS,PA,19425-2109,Shipped,USPS(9361289755009020548922),$25.76 ,$0.00 ,$1.55 ,$0.00 ,$1.55 ,$27.31 ,
1/9/2021,113-7022229-5900246,Amazon.com,,1/10/2021,CHESTER SPRINGS,PA,19425-2109,Shipped,AMZN_US(TBA130101101804),$5.98 ,$0.00 ,$0.36 ,$0.00 ,$0.36 ,$6.34 ,
1/10/2021,113-1657418-9849015,Amazon.com,,1/12/2021,CHESTER SPRINGS,PA,19425-2109,Shipped,AMZN_US(TBA131591433104),$7.20 ,$0.00 ,$0.00 ,$0.00 ,$0.00 ,$7.20 ,
1/12/2021,113-3489357-9949803,Amazon.com,,1/13/2021,CHESTER SPRINGS,PA,19425-2109,Shipped,UPS(1ZX902R30376670432),$24.09 ,$0.00 ,$1.44 ,$0.00 ,$1.44 ,$25.53 ,
1/14/2021,113-3293764-5205051,Amazon.com,,1/17/2021,CHESTER SPRINGS,PA,19425-2109,Shipped,AMZN_US(TBA137348538804),$14.99 ,$0.00 ,$0.00 ,$5.00 ,$0.00 ,$9.99 ,
1/14/2021,113-2189900-1123439,Amazon.com,,1/17/2021,CHESTER SPRINGS,PA,19425-2109,Shipped,AMZN_US(TBA137348538804),$19.99 ,$0.00 ,$0.60 ,$10.00 ,$0.60 ,$10.59 ,
1/15/2021,113-5931957-2737020,Amazon.com,,1/17/2021,CHESTER SPRINGS,PA,19425-2109,Shipped,AMZN_US(TBA137348538804),$7.74 ,$0.00 ,$0.38 ,$1.45 ,$0.38 ,$6.67 ,
1/15/2021,113-0133902-0643463,Amazon.com,,1/17/2021,CHESTER SPRINGS,PA,19425-2109,Shipped,AMZN_US(TBA137798232804),$13.99 ,$0.00 ,$0.42 ,$7.00 ,$0.42 ,$7.41 ,
1/24/2021,113-5446430-8402662,Amazon.com,,1/26/2021,CHESTER SPRINGS,PA,19425-2109,Shipped,AMZN_US(TBA147803978404),$3.74 ,$0.00 ,$0.22 ,$0.00 ,$0.22 ,$3.96 ,
1/28/2021,113-1543313-7448229,Amazon.com,,1/29/2021,CHESTER SPRINGS,PA,19425-2109,Shipped,AMZN_US(TBA151117992104),$19.99 ,$0.00 ,$0.60 ,$10.00 ,$0.60 ,$10.59 ,
1/31/2021,113-8805882-4742646,Amazon.com,,2/5/2021,CHESTER SPRINGS,PA,19425-2109,Shipped,AMZN_US(TBA158366974604),$18.85 ,$0.00 ,$1.13 ,$0.00 ,$1.13 ,$19.98 ,
2/2/2021,113-5085321-3150649,Amazon.com,,2/4/2021,CHESTER SPRINGS,PA,19425-2109,Shipped,AMZN_US(TBA157762725404),$4.80 ,$0.00 ,$0.30 ,$0.00 ,$0.30 ,$5.10 ,
2/3/2021,113-6529443-3893811,Amazon.com,,2/4/2021,CHESTER SPRINGS,PA,19425-2109,Shipped,AMZN_US(TBA158172648004),$12.99 ,$0.00 ,$0.00 ,$6.50 ,$0.00 ,$6.49 ,
2/4/2021,113-0115891-5627463,Amazon.com,,2/4/2021,CHESTER SPRINGS,PA,19425-2109,Shipped,AMZN_US(TBA158172648004),$21.98 ,$0.00 ,$0.00 ,$3.30 ,$0.00 ,$18.68 ,
2/7/2021,113-7716883-2571433,Amazon.com,,2/8/2021,CHESTER SPRINGS,PA,19425-2109,Shipped,USPS(9300120111405833211942),$17.99 ,$5.99 ,$1.44 ,$0.00 ,$1.44 ,$25.42 ,
2/8/2021,113-5217639-0925865,Amazon.com,,3/18/2021,CHESTER SPRINGS,PA,19425-2109,Shipped,AMZN_US(TBA001709907704),$16.99 ,$0.00 ,$0.00 ,$8.50 ,$0.00 ,$8.49 ,
2/10/2021,113-1530391-2153061,Amazon.com,,2/12/2021,CHESTER SPRINGS,PA,19425-2109,Shipped,AMZN_US(TBA165780799504),$19.98 ,$0.00 ,$0.36 ,$13.99 ,$0.36 ,$6.35 ,
2/10/2021,113-6296936-5613054,Amazon.com,,2/12/2021,CHESTER SPRINGS,PA,19425-2109,Shipped,AMZN_US(TBA165780799504),$12.99 ,$0.00 ,$0.39 ,$6.50 ,$0.39 ,$6.88 ,
2/11/2021,113-5768223-5745803,Amazon.com,,2/15/2021,CHESTER SPRINGS,PA,19425-2109,Shipped,UPS(1Z4450W51390844923),$34.99 ,$0.00 ,$0.00 ,$20.99 ,$0.00 ,$14.00 ,
2/11/2021,113-7026213-0416248,Amazon.com,,2/11/2021,CHESTER SPRINGS,PA,19425-2109,Shipped,AMZN_US(TBA165736836504),$18.99 ,$0.00 ,$0.46 ,$11.39 ,$0.46 ,$8.06 ,
2/11/2021,113-4607855-3294666,Amazon.com,,2/12/2021,CHESTER SPRINGS,PA,19425-2109,Shipped,AMZN_US(TBA166064528704),$27.95 ,$0.00 ,$1.26 ,$7.00 ,$1.26 ,$22.21 ,
2/15/2021,113-5134600-5301051,Amazon.com,,2/19/2021,CHESTER SPRINGS,PA,19425-2109,Shipped,AMZN_US(TBA171838531104),$9.34 ,$0.00 ,$0.00 ,$0.00 ,$0.00 ,$9.34 ,
2/16/2021,113-7390637-3951426,Amazon.com,,2/26/2021,CHESTER SPRINGS,PA,19425-2109,Shipped,AMZN_US(TBA180017019904),$28.99 ,$0.00 ,$0.00 ,$21.74 ,$0.00 ,$7.25 ,
2/18/2021,113-9713085-5510651,Amazon.com,,2/22/2021,CHESTER SPRINGS,PA,19425-2109,Shipped,AMZN_US(TBA174365248404),$7.99 ,$0.00 ,$0.00 ,$4.00 ,$0.00 ,$3.99 ,
2/24/2021,113-6504966-0804217,Amazon.com,,2/25/2021,CHESTER SPRINGS,PA,19425-2109,Shipped,AMZN_US(TBA178354190004),$27.99 ,$0.00 ,$1.43 ,$4.20 ,$1.43 ,$25.22 ,
2/25/2021,113-2395775-8251466,Amazon.com,,2/28/2021,CHESTER SPRINGS,PA,19425-2109,Shipped,AMZN_US(TBA181248049204),$9.99 ,$0.00 ,$0.00 ,$4.00 ,$0.00 ,$5.99 ,
2/25/2021,113-2481262-2666608,Amazon.com,,2/28/2021,CHESTER SPRINGS,PA,19425-2109,Shipped,AMZN_US(TBA181248049204),$7.98 ,$0.00 ,$0.29 ,$3.19 ,$0.29 ,$5.08 ,
3/1/2021,113-7268296-9820266,Amazon.com,,3/3/2021,CHESTER SPRINGS,PA,19425-2109,Shipped,AMZN_US(TBA185540987904),$9.99 ,$0.00 ,$0.30 ,$5.00 ,$0.30 ,$5.29 ,
3/5/2021,113-9548594-2539417,Amazon.com,,3/8/2021,CHESTER SPRINGS,PA,19425-2109,Shipped,AMZN_US(TBA190190200404),$15.98 ,$0.00 ,$0.34 ,$10.39 ,$0.34 ,$5.93 ,
3/5/2021,113-7951793-8724261,Amazon.com,,3/8/2021,CHESTER SPRINGS,PA,19425-2109,Shipped,AMZN_US(TBA190190200404),$15.99 ,$0.00 ,$0.48 ,$8.00 ,$0.48 ,$8.47 ,
3/5/2021,113-6864556-7233010,Amazon.com,,3/8/2021,CHESTER SPRINGS,PA,19425-2109,Shipped,AMZN_US(TBA190190200404),$12.99 ,$0.00 ,$0.00 ,$6.50 ,$0.00 ,$6.49 ,
3/6/2021,113-0032025-9490621,Amazon.com,,3/6/2021,CHESTER SPRINGS,PA,19425-2109,Shipped,AMZN_US(TBA188669252804),$11.49 ,$0.00 ,$0.69 ,$0.00 ,$0.69 ,$12.18 ,
3/8/2021,113-3356800-5867431,Amazon.com,,3/9/2021,CHESTER SPRINGS,PA,19425-2109,Shipped,AMZN_US(TBA191361998804),$9.99 ,$0.00 ,$0.42 ,$3.00 ,$0.42 ,$7.41 ,
3/8/2021,113-3356800-5867431,Amazon.com,,3/9/2021,CHESTER SPRINGS,PA,19425-2109,Shipped,AMZN_US(TBA191890103404),$47.49 ,$0.00 ,$2.85 ,$0.00 ,$2.85 ,$50.34 ,
3/8/2021,113-7963449-7638637,Amazon.com,,3/9/2021,CHESTER SPRINGS,PA,19425-2109,Shipped,AMZN_US(TBA191890103404),$16.99 ,$0.00 ,$1.02 ,$0.00 ,$1.02 ,$18.01 ,
3/9/2021,113-1139374-6849864,Amazon.com,,3/9/2021,CHESTER SPRINGS,PA,19425-2109,Shipped,AMZN_US(TBA192184071704),$4.97 ,$0.00 ,$0.22 ,$1.23 ,$0.22 ,$3.96 ,
3/9/2021,113-1139374-6849864,Amazon.com,,3/9/2021,CHESTER SPRINGS,PA,19425-2109,Shipped,AMZN_US(TBA191890103404),$30.31 ,$0.00 ,$1.03 ,$13.05 ,$1.03 ,$18.29 ,
3/9/2021,113-1139374-6849864,Amazon.com,,3/9/2021,CHESTER SPRINGS,PA,19425-2109,Shipped,AMZN_US(TBA191889411904),$7.77 ,$0.00 ,$0.28 ,$3.11 ,$0.28 ,$4.94 ,
3/9/2021,113-0402183-7182666,Amazon.com,,3/9/2021,CHESTER SPRINGS,PA,19425-2109,Shipped,AMZN_US(TBA192328687604),$28.99 ,$0.00 ,$0.61 ,$18.84 ,$0.61 ,$10.76 ,
3/9/2021,113-9282799-4249807,Amazon.com,,3/9/2021,CHESTER SPRINGS,PA,19425-2109,Shipped,AMZN_US(TBA192328687604),$23.67 ,$0.00 ,$1.08 ,$5.91 ,$1.08 ,$18.84 ,
3/11/2021,113-0008698-0832226,Amazon.com,,3/12/2021,CHESTER SPRINGS,PA,19425-2109,Shipped,USPS(9361289755009033227784),$25.99 ,$0.00 ,$0.78 ,$13.00 ,$0.78 ,$13.77 ,
3/11/2021,113-1634638-6007458,Amazon.com,,3/12/2021,CHESTER SPRINGS,PA,19425-2109,Shipped,AMZN_US(TBA194682049904),$4.99 ,$0.00 ,$0.22 ,$1.25 ,$0.22 ,$3.96 ,
3/11/2021,113-1393009-5966629,Amazon.com,,3/12/2021,CHESTER SPRINGS,PA,19425-2109,Shipped,USPS(9361289755009033227784),$14.99 ,$0.00 ,$0.45 ,$7.50 ,$0.45 ,$7.94 ,
3/14/2021,113-4290564-2037066,Amazon.com,,3/15/2021,CHESTER SPRINGS,PA,19425-2109,Shipped,AMZN_US(TBA197916386404),$7.97 ,$0.00 ,$0.00 ,$0.00 ,$0.00 ,$7.97 ,
3/17/2021,113-3329535-8300201,Amazon.com,,3/19/2021,CHESTER SPRINGS,PA,19425-2109,Shipped,AMZN_US(TBA002244033704),$2.98 ,$0.00 ,$0.16 ,$0.32 ,$0.16 ,$2.82 ,
3/17/2021,113-0897520-6592233,Amazon.com,,3/19/2021,CHESTER SPRINGS,PA,19425-2109,Shipped,AMZN_US(TBA002244033704),$7.99 ,$0.00 ,$0.00 ,$3.20 ,$0.00 ,$4.79 ,
3/19/2021,113-5307167-6115446,Amazon.com,,3/20/2021,CHESTER SPRINGS,PA,19425-2109,Shipped,AMZN_US(TBA003501320004),$9.99 ,$0.00 ,$0.21 ,$6.49 ,$0.21 ,$3.71 ,
3/19/2021,113-3212178-7283452,Amazon.com,,3/20/2021,CHESTER SPRINGS,PA,19425-2109,Shipped,AMZN_US(TBA003501320004),$4.99 ,$0.00 ,$0.00 ,$1.25 ,$0.00 ,$3.74 ,
3/19/2021,113-4960284-5131450,Amazon.com,,3/19/2021,CHESTER SPRINGS,PA,19425-2109,Shipped,AMZN_US(TBA002902622804),$21.99 ,$0.00 ,$0.46 ,$14.29 ,$0.46 ,$8.16 ,
3/22/2021,113-6228118-4476211,Amazon.com,,3/25/2021,CHESTER SPRINGS,PA,19425-2109,Shipped,AMZN_US(TBA009092837504),$12.99 ,$0.00 ,$0.31 ,$7.79 ,$0.31 ,$5.51 ,
4/1/2021,113-2987947-8999438,Amazon.com,,4/1/2021,CHESTER SPRINGS,PA,19425-2109,Shipped,AMZN_US(TBA017323151204),$16.95 ,$0.00 ,$0.51 ,$8.48 ,$0.51 ,$8.98 ,
4/2/2021,113-9475983-9397810,Amazon.com,,4/2/2021,,,,Shipped,,$200.00 ,$0.00 ,$0.00 ,$0.00 ,$0.00 ,$200.00 ,
4/7/2021,114-8993729-2804258,Amazon.com,,4/9/2021,CHESTER SPRINGS,PA,19425-2109,Shipped,AMZN_US(TBA024896831604),$19.99 ,$0.00 ,$0.60 ,$10.00 ,$0.60 ,$10.59 ,
4/7/2021,114-6073717-7904263,Amazon.com,,4/9/2021,CHESTER SPRINGS,PA,19425-2109,Shipped,AMZN_US(TBA024896831604),$19.99 ,$0.00 ,$0.60 ,$10.00 ,$0.60 ,$10.59 ,
4/7/2021,114-2161374-8549826,Amazon.com,,4/9/2021,CHESTER SPRINGS,PA,19425-2109,Shipped,AMZN_US(TBA025123019004),$12.99 ,$0.00 ,$0.47 ,$5.20 ,$0.47 ,$8.26 ,
4/11/2021,113-3474228-9988203,Amazon.com,,4/12/2021,CHESTER SPRINGS,PA,19425-2109,Shipped,AMZN_US(TBA028387918404),$13.96 ,$0.00 ,$0.00 ,$5.59 ,$0.00 ,$8.37 ,
4/12/2021,114-2569362-0585843,Amazon.com,,4/13/2021,CHESTER SPRINGS,PA,19425-2109,Shipped,AMZN_US(TBA028736155204),$16.99 ,$0.00 ,$0.20 ,$13.59 ,$0.20 ,$3.60 ,
4/12/2021,114-8932503-7076213,Amazon.com,,4/16/2021,CHESTER SPRINGS,PA,19425-2109,Shipped,AMZN_US(TBA032387439904),$15.99 ,$0.00 ,$0.53 ,$7.20 ,$0.53 ,$9.32 ,
4/12/2021,114-7146356-9448243,Amazon.com,,4/18/2021,CHESTER SPRINGS,PA,19425-2109,Shipped,AMZN_US(TBA034737975304),$9.89 ,$0.00 ,$0.00 ,$4.95 ,$0.00 ,$4.94 ,
4/12/2021,114-2819065-9941810,Amazon.com,,4/13/2021,CHESTER SPRINGS,PA,19425-2109,Shipped,AMZN_US(TBA029344092204),$8.96 ,$0.00 ,$0.00 ,$0.00 ,$0.00 ,$8.96 ,
4/18/2021,114-8477431-3385861,Amazon.com,,4/19/2021,CHESTER SPRINGS,PA,19425-2109,Shipped,AMZN_US(TBA035539916504),$8.19 ,$0.00 ,$0.47 ,$0.41 ,$0.47 ,$8.25 ,
4/20/2021,114-6585230-7058647,Amazon.com,,4/25/2021,CHESTER SPRINGS,PA,19425-2109,Shipped,USPS(9374889755009042618609),$11.88 ,$0.00 ,$0.36 ,$5.94 ,$0.36 ,$6.30 ,
4/21/2021,114-3555147-5635450,Amazon.com,,4/21/2021,CHESTER SPRINGS,PA,19425-2109,Shipped,AMZN_US(TBA037898557304),$6.92 ,$0.00 ,$0.42 ,$0.00 ,$0.42 ,$7.34 ,
4/27/2021,114-0903528-8506661,Amazon.com,,4/28/2021,CHESTER SPRINGS,PA,19425-2109,Shipped,UPS(1ZR289870207449537),$26.99 ,$0.00 ,$0.00 ,$18.89 ,$0.00 ,$8.10 ,
5/1/2021,114-2680609-8936241,Amazon.com,,5/3/2021,CHESTER SPRINGS,PA,19425-2109,Shipped,AMZN_US(TBA049382418804),$13.99 ,$0.00 ,$0.34 ,$8.39 ,$0.34 ,$5.94 ,
5/2/2021,113-1127905-8900212,Amazon.com,,5/3/2021,CHESTER SPRINGS,PA,19425-2109,Shipped,AMZN_US(TBA049209480404),$5.12 ,$0.00 ,$0.31 ,$0.00 ,$0.31 ,$5.43 ,
5/2/2021,113-0608659-2841011,Amazon.com,,5/3/2021,CHESTER SPRINGS,PA,19425-2109,Shipped,AMZN_US(TBA049486249404),$14.98 ,$0.00 ,$0.90 ,$0.00 ,$0.90 ,$15.88 ,
5/3/2021,113-0116121-8565813,Amazon.com,,5/3/2021,CHESTER SPRINGS,PA,19425-2109,Shipped,AMZN_US(TBA049755563904),$7.48 ,$0.00 ,$0.45 ,$0.00 ,$0.45 ,$7.93 ,
5/5/2021,114-2766028-0984237,Amazon.com,,5/6/2021,CHESTER SPRINGS,PA,19425-2109,Shipped,AMZN_US(TBA052531412604),$10.40 ,$0.00 ,$0.00 ,$0.00 ,$0.00 ,$10.40 ,
5/6/2021,114-3602450-0985800,Amazon.com,,5/7/2021,CHESTER SPRINGS,PA,19425-2109,Shipped,AMZN_US(TBA053635940204),$19.99 ,$0.00 ,$0.60 ,$10.00 ,$0.60 ,$10.59 ,
5/8/2021,113-4491703-5441845,Amazon.com,,5/8/2021,,,,Shipped,,$25.00 ,$0.00 ,$0.00 ,$0.00 ,$0.00 ,$25.00 ,
5/19/2021,114-0929013-3439447,Amazon.com,,5/21/2021,CHESTER SPRINGS,PA,19425-2109,Shipped,AMZN_US(TBA066168275704),$5.31 ,$0.00 ,$0.32 ,$0.00 ,$0.32 ,$5.63 ,
5/24/2021,114-0463029-7957851,Amazon.com,,5/24/2021,CHESTER SPRINGS,PA,19425-2109,Shipped,AMZN_US(TBA070673081704),$19.99 ,$0.00 ,$0.60 ,$10.00 ,$0.60 ,$10.59 ,
5/27/2021,114-9811088-6976239,Amazon.com,,5/28/2021,CHESTER SPRINGS,PA,19425-2109,Shipped,AMZN_US(TBA073979623104),$1.98 ,$0.00 ,$0.12 ,$0.00 ,$0.12 ,$2.10 ,
5/29/2021,113-4128924-9768227,Amazon.com,,5/29/2021,CHESTER SPRINGS,PA,19425-2109,Shipped,AMZN_US(TBA075689867804),$9.99 ,$0.00 ,$0.60 ,$0.00 ,$0.60 ,$10.59 ,
5/30/2021,113-2397805-5917034,Amazon.com,,5/30/2021,CHESTER SPRINGS,PA,19425-2109,Shipped,AMZN_US(TBA076597260004),$12.74 ,$0.00 ,$0.76 ,$0.00 ,$0.76 ,$13.50 ,
6/3/2021,113-6380450-1551469,Amazon.com,,6/4/2021,CHESTER SPRINGS,PA,19425-2109,Shipped,AMZN_US(TBA080987219104),$16.99 ,$0.00 ,$1.02 ,$0.00 ,$1.02 ,$18.01 ,
6/4/2021,114-0163129-8550652,Amazon.com,,6/7/2021,CHESTER SPRINGS,PA,19425-2109,Shipped,AMZN_US(TBA084406115204),$17.99 ,$0.00 ,$0.00 ,$9.00 ,$0.00 ,$8.99 ,
6/9/2021,114-5162687-9235457,Amazon.com,,6/9/2021,,,,Shipped,,$20.00 ,$0.00 ,$0.00 ,$0.00 ,$0.00 ,$20.00 ,
6/13/2021,114-9932962-9293015,Amazon.com,,6/14/2021,CHESTER SPRINGS,PA,19425-2109,Shipped,AMZN_US(TBA091237438704),$8.08 ,$0.00 ,$0.00 ,$0.00 ,$0.00 ,$8.08 ,
6/17/2021,114-6139276-3260244,Amazon.com,,6/17/2021,CHESTER SPRINGS,PA,19425-2109,Shipped,AMZN_US(TBA095321586904),$21.99 ,$0.00 ,$0.00 ,$12.10 ,$0.00 ,$9.89 ,
6/19/2021,114-2269781-1941025,Amazon.com,,6/21/2021,CHESTER SPRINGS,PA,19425-2109,Shipped,AMZN_US(TBA098243346304),$22.99 ,$0.00 ,$0.00 ,$20.70 ,$0.00 ,$2.29 ,
6/22/2021,114-8986103-3561008,Amazon.com,,6/23/2021,CHESTER SPRINGS,PA,19425-2109,Shipped,AMZN_US(TBA103709068204),$28.50 ,$0.00 ,$1.29 ,$7.00 ,$1.29 ,$22.79 ,
6/22/2021,113-7726833-6136253,Amazon.com,,6/23/2021,CHESTER SPRINGS,PA,19425-2109,Shipped,AMZN_US(TBA103709068204),$21.98 ,$0.00 ,$1.32 ,$0.00 ,$1.32 ,$23.30 ,
6/24/2021,113-0753470-0788239,Amazon.com,,6/25/2021,CHESTER SPRINGS,PA,19425-2109,Shipped,USPS(9374889755009054140877),$2.99 ,$0.00 ,$0.18 ,$0.00 ,$0.18 ,$3.17 ,
6/25/2021,114-2439445-0373835,Amazon.com,,6/28/2021,CHESTER SPRINGS,PA,19425-2109,Shipped,UPS(1ZR120A00317519188),$10.99 ,$0.00 ,$0.66 ,$0.00 ,$0.66 ,$11.65 ,
6/25/2021,114-4782193-5773862,Amazon.com,,6/25/2021,CHESTER SPRINGS,PA,19425-2109,Shipped,AMZN_US(TBA105757675204),$11.86 ,$0.00 ,$0.71 ,$0.00 ,$0.71 ,$12.57 ,
6/25/2021,114-4030260-6649014,Amazon.com,,6/26/2021,CHESTER SPRINGS,PA,19425-2109,Shipped,AMZN_US(TBA106348268104),$6.97 ,$0.00 ,$0.39 ,$0.53 ,$0.39 ,$6.83 ,
6/25/2021,114-5310869-6910669,Amazon.com,,6/28/2021,CHESTER SPRINGS,PA,19425-2109,Shipped,UPS(1Z975W4V0306892562),$24.99 ,$0.00 ,$0.38 ,$18.74 ,$0.38 ,$6.63 ,
6/28/2021,113-4820366-6709050,Amazon.com,,6/29/2021,CHESTER SPRINGS,PA,19425-2109,Shipped,UPS(1Z2X80421308260327),$79.89 ,$0.00 ,$4.79 ,$0.00 ,$4.79 ,$84.68 ,
6/30/2021,114-2719907-6877013,Amazon.com,,7/2/2021,CHESTER SPRINGS,PA,19425-2109,Shipped,AMZN_US(TBA112926587904),$16.99 ,$0.00 ,$0.66 ,$6.00 ,$0.66 ,$11.65 ,
6/30/2021,114-6669564-6030617,Amazon.com,,7/2/2021,CHESTER SPRINGS,PA,19425-2109,Shipped,AMZN_US(TBA113238704404),$7.99 ,$0.00 ,$0.38 ,$1.67 ,$0.38 ,$6.70 ,
6/30/2021,114-5690759-5166627,Amazon.com,,7/5/2021,CHESTER SPRINGS,PA,19425-2109,Shipped,AMZN_US(TBA114834664904),$13.99 ,$0.00 ,$0.00 ,$7.00 ,$0.00 ,$6.99 ,
6/30/2021,114-5282170-9407408,Amazon.com,,7/2/2021,CHESTER SPRINGS,PA,19425-2109,Shipped,AMZN_US(TBA113238704404),$4.97 ,$0.00 ,$0.00 ,$0.00 ,$0.00 ,$4.97 ,
6/30/2021,114-2785252-9086643,Amazon.com,,7/2/2021,CHESTER SPRINGS,PA,19425-2109,Shipped,AMZN_US(TBA113238704404),$2.88 ,$0.00 ,$0.00 ,$0.00 ,$0.00 ,$2.88 ,
6/30/2021,114-9010758-8450610,Amazon.com,,7/2/2021,CHESTER SPRINGS,PA,19425-2109,Shipped,AMZN_US(TBA112926587904),$2.48 ,$0.00 ,$0.15 ,$0.00 ,$0.15 ,$2.63 ,
7/2/2021,114-0312255-9569861,Amazon.com,,7/3/2021,CHESTER SPRINGS,PA,19425-2109,Shipped,AMZN_US(TBA114074540204),$13.58 ,$0.00 ,$0.82 ,$0.00 ,$0.82 ,$14.40 ,
7/2/2021,114-6341172-9363432,Amazon.com,,7/5/2021,CHESTER SPRINGS,PA,19425-2109,Shipped,AMZN_US(TBA114834664904),$29.98 ,$0.00 ,$0.00 ,$16.49 ,$0.00 ,$13.49 ,
7/2/2021,114-2283591-4591457,Amazon.com,,7/2/2021,CHESTER SPRINGS,PA,19425-2109,Shipped,AMZN_US(TBA113533325704),$10.81 ,$0.00 ,$0.65 ,$0.00 ,$0.65 ,$11.46 ,
7/6/2021,114-5369987-3260259,Amazon.com,,7/9/2021,CHESTER SPRINGS,PA,19425-2109,Shipped,AMZN_US(TBA119824652504),$1.58 ,$0.00 ,$0.10 ,$0.00 ,$0.10 ,$1.68 ,
7/6/2021,114-0970827-0280237,Amazon.com,,7/7/2021,CHESTER SPRINGS,PA,19425-2109,Shipped,AMZN_US(TBA117353267704),$19.98 ,$0.00 ,$0.00 ,$11.99 ,$0.00 ,$7.99 ,
7/7/2021,114-0788476-6545810,Amazon.com,,7/9/2021,CHESTER SPRINGS,PA,19425-2109,Shipped,AMZN_US(TBA119824652504),$17.97 ,$0.00 ,$0.00 ,$12.58 ,$0.00 ,$5.39 ,
7/8/2021,111-0173300-3057864,Amazon.com,,7/9/2021,CHESTER SPRINGS,PA,19425-2109,Shipped,FedEx(281265269136),$199.99 ,$0.00 ,$10.20 ,$30.00 ,$10.20 ,$180.19 ,
7/9/2021,114-2019112-3429023,Amazon.com,,7/9/2021,CHESTER SPRINGS,PA,19425-2109,Shipped,AMZN_US(TBA120141189204),$10.99 ,$0.00 ,$0.30 ,$6.05 ,$0.30 ,$5.24 ,
7/13/2021,114-2167862-0659427,Amazon.com,,7/14/2021,CHESTER SPRINGS,PA,19425-2109,Shipped,UPS(1Z8FY8501355936660),$13.99 ,$0.00 ,$0.25 ,$9.79 ,$0.25 ,$4.45 ,
7/14/2021,114-1845029-7204223,Amazon.com,,7/15/2021,CHESTER SPRINGS,PA,19425-2109,Shipped,AMZN_US(TBA125579842304),$18.26 ,$0.00 ,$0.66 ,$7.30 ,$0.66 ,$11.62 ,
7/15/2021,114-1789417-4471456,Amazon.com,,7/16/2021,CHESTER SPRINGS,PA,19425-2109,Shipped,AMZN_US(TBA127092452004),$13.45 ,$0.00 ,$0.32 ,$8.07 ,$0.32 ,$5.70 ,
7/20/2021,114-1098455-9836221,Amazon.com,,7/21/2021,CHESTER SPRINGS,PA,19425-2109,Shipped,AMZN_US(TBA132945585204),$28.99 ,$0.00 ,$0.00 ,$14.50 ,$0.00 ,$14.49 ,
7/21/2021,114-3085789-5135411,Amazon.com,,7/22/2021,CHESTER SPRINGS,PA,19425-2109,Shipped,AMZN_US(TBA133293451804),$23.99 ,$0.00 ,$0.00 ,$14.39 ,$0.00 ,$9.60 ,
7/26/2021,114-4787694-5381000,Amazon.com,,7/27/2021,CHESTER SPRINGS,PA,19425-2109,Shipped,AMZN_US(TBA139248115704),$6.29 ,$0.00 ,$0.24 ,$2.31 ,$0.24 ,$4.22 ,
7/27/2021,114-2251987-1657027,Amazon.com,,7/30/2021,CHESTER SPRINGS,PA,19425-2109,Shipped,Amazon Logistics(TBA139797652404),$24.99 ,$0.00 ,$0.60 ,$14.99 ,$0.60 ,$10.60 ,
7/30/2021,113-1290744-5530664,Amazon.com,,7/31/2021,CHESTER SPRINGS,PA,19425-2109,Shipped,AMZN_US(TBA143238918404),$23.99 ,$0.00 ,$0.43 ,$16.79 ,$0.43 ,$7.63 ,
7/31/2021,113-3645687-3426665,Amazon.com,,7/31/2021,,,,Shipped,,$50.00 ,$0.00 ,$0.00 ,$0.00 ,$0.00 ,$50.00 ,
8/4/2021,114-3008282-4243434,Amazon.com,,8/7/2021,CHESTER SPRINGS,PA,19425-2109,Shipped,AMZN_US(TBA150236309104),$26.95 ,$0.00 ,$0.00 ,$12.13 ,$0.00 ,$14.82 ,
8/5/2021,114-7368474-2017029,Amazon.com,,8/6/2021,CHESTER SPRINGS,PA,19425-2109,Shipped,USPS(9361289755009061082201),$25.99 ,$0.00 ,$0.47 ,$18.19 ,$0.47 ,$8.27 ,
8/6/2021,111-8578812-7091407,Amazon.com,,8/6/2021,,,,Shipped,,$50.00 ,$0.00 ,$0.00 ,$0.00 ,$0.00 ,$50.00 ,
8/12/2021,111-0382294-5202667,Amazon.com,,8/12/2021,,,,Shipped,,$25.00 ,$0.00 ,$0.00 ,$0.00 ,$0.00 ,$25.00 ,
8/16/2021,114-7561892-3031446,Amazon.com,,8/17/2021,CHESTER SPRINGS,PA,19425-2109,Shipped,AMZN_US(TBA162274098404),$15.99 ,$0.00 ,$0.43 ,$8.80 ,$0.43 ,$7.62 ,
8/17/2021,114-8414768-0582657,Amazon.com,,8/18/2021,CHESTER SPRINGS,PA,19425-2109,Shipped,AMZN_US(TBA162952400904),$17.99 ,$0.00 ,$0.00 ,$9.00 ,$0.00 ,$8.99 ,
8/17/2021,114-8517939-1745020,Amazon.com,,8/18/2021,CHESTER SPRINGS,PA,19425-2109,Shipped,AMZN_US(TBA163430759904),$41.98 ,$0.00 ,$0.00 ,$20.99 ,$0.00 ,$20.99 ,
9/7/2021,114-7912931-7263458,Amazon.com,,9/9/2021,CHESTER SPRINGS,PA,19425-2109,Shipped,UPS(1Z6A24150228540344),$26.46 ,$0.00 ,$0.00 ,$0.00 ,$0.00 ,$26.46 ,
9/10/2021,114-6229702-5339459,Amazon.com,,9/11/2021,CHESTER SPRINGS,PA,19425-2109,Shipped,UPS(1Z47W9191306641061),$7.97 ,$0.00 ,$0.45 ,$0.40 ,$0.45 ,$8.02 ,
9/11/2021,114-9116960-1696202,Amazon.com,,9/13/2021,CHESTER SPRINGS,PA,19425-2109,Shipped,UPS(1Z0W37Y80332740372),$1.68 ,$0.00 ,$0.10 ,$0.00 ,$0.10 ,$1.78 ,
9/15/2021,114-0189139-5671400,Amazon.com,,9/16/2021,CHESTER SPRINGS,PA,19425-2109,Shipped,UPS(1Z933E6W1377574881),$4.11 ,$0.00 ,$0.25 ,$0.00 ,$0.25 ,$4.36 ,
9/19/2021,114-9345954-8605061,Amazon.com,,9/21/2021,CHESTER SPRINGS,PA,19425-2109,Shipped,USPS(9361289755006020925241),$6.99 ,$0.00 ,$0.21 ,$3.50 ,$0.21 ,$3.70 ,
9/20/2021,114-2479693-6363447,Amazon.com,,9/21/2021,CHESTER SPRINGS,PA,19425-2109,Shipped,USPS(9361289755006020925241),$12.99 ,$0.00 ,$0.31 ,$7.79 ,$0.31 ,$5.51 ,
9/24/2021,114-7916561-1026648,Amazon.com,,9/27/2021,CHESTER SPRINGS,PA,19425-2109,Shipped,AMZN_US(TBA006529900304),$34.99 ,$0.00 ,$0.84 ,$20.99 ,$0.84 ,$14.84 ,
9/25/2021,114-7610249-8890631,Amazon.com,,9/25/2021,,,,Shipped,,$25.00 ,$0.00 ,$0.00 ,$0.00 ,$0.00 ,$25.00 ,
9/26/2021,114-1776761-7035433,Amazon.com,,9/28/2021,CHESTER SPRINGS,PA,19425-2109,Shipped,AMZN_US(TBA007876811404),$39.99 ,$0.00 ,$2.40 ,$0.00 ,$2.40 ,$42.39 ,
9/26/2021,114-7251819-9032203,Amazon.com,,9/27/2021,CHESTER SPRINGS,PA,19425-2109,Shipped,AMZN_US(TBA006529900304),$8.98 ,$0.00 ,$0.00 ,$0.00 ,$0.00 ,$8.98 ,
10/4/2021,114-6211812-0161056,Amazon.com,,10/5/2021,CHESTER SPRINGS,PA,19425-2109,Shipped,AMZN_US(TBA016220682504),$16.04 ,$0.00 ,$0.53 ,$7.22 ,$0.53 ,$9.35 ,
10/6/2021,114-0681338-8137002,Amazon.com,,10/7/2021,CHESTER SPRINGS,PA,19425-2109,Shipped,AMZN_US(TBA018496935304),$8.99 ,$0.00 ,$0.54 ,$0.00 ,$0.54 ,$9.53 ,
10/6/2021,114-0214291-6169865,Amazon.com,,10/7/2021,CHESTER SPRINGS,PA,19425-2109,Shipped,AMZN_US(TBA018496935304),$13.59 ,$0.00 ,$0.82 ,$0.00 ,$0.82 ,$14.41 ,
10/6/2021,114-2423556-3612225,Amazon.com,,10/19/2021,CHESTER SPRINGS,PA,19425-2109,Shipped,UPS(1Z3830WW0200960850),$9.99 ,$0.00 ,$0.00 ,$0.00 ,$0.00 ,$9.99 ,
10/8/2021,114-9855798-2661062,Amazon.com,,10/10/2021,CHESTER SPRINGS,PA,19425-2109,Shipped,USPS(9374889755006351673008),$9.99 ,$0.00 ,$0.30 ,$5.00 ,$0.30 ,$5.29 ,
10/10/2021,113-7609771-5207442,Amazon.com,,10/12/2021,CHESTER SPRINGS,PA,19425-2109,Shipped,AMZN_US(TBA025129078304),$200.90 ,$0.00 ,$12.05 ,$0.00 ,$12.05 ,$212.95 ,
10/16/2021,114-0916578-8574622,Amazon.com,,10/17/2021,CHESTER SPRINGS,PA,19425-2109,Shipped,USPS(9374889755006507286731),$9.99 ,$0.00 ,$0.30 ,$5.00 ,$0.30 ,$5.29 ,
10/22/2021,114-5312929-5780216,Amazon.com,,11/6/2021,CHESTER SPRINGS,PA,19425-2109,Shipped,AMZN_US(TBA054082823704),$5.94 ,$0.00 ,$0.36 ,$0.00 ,$0.36 ,$6.30 ,
10/27/2021,114-1805191-5775466,Amazon.com,,10/28/2021,CHESTER SPRINGS,PA,19425-2109,Shipped,AMZN_US(TBA042987902504),$14.99 ,$0.00 ,$0.90 ,$0.00 ,$0.90 ,$15.89 ,
10/30/2021,111-2608470-2501826,Amazon.com,,11/9/2021,CHESTER SPRINGS,PA,19425-2109,Shipped,AMZN_US(TBA416828076000),$84.00 ,$0.00 ,$5.04 ,$0.00 ,$5.04 ,$89.04 ,
11/6/2021,113-4216176-3549043,Amazon.com,,11/7/2021,CHESTER SPRINGS,PA,19425-2109,Shipped,AMZN_US(TBA055118272504),$20.99 ,$0.00 ,$1.26 ,$0.00 ,$1.26 ,$22.25 ,
11/6/2021,113-4025149-5567446,Amazon.com,,11/7/2021,CHESTER SPRINGS,PA,19425-2109,Shipped,AMZN_US(TBA055262988404),$13.93 ,$0.00 ,$0.84 ,$0.00 ,$0.84 ,$14.77 ,
11/21/2021,111-4823336-9838626,Amazon.com,,11/21/2021,,,,Shipped,,$50.00 ,$0.00 ,$0.00 ,$0.00 ,$0.00 ,$50.00 ,
11/21/2021,111-9319082-5738639,Amazon.com,,11/22/2021,CHESTER SPRINGS,PA,19425-2109,Shipped,USPS(9374889755007295690014),$13.99 ,$0.00 ,$0.00 ,$0.70 ,$0.00 ,$13.29 ,
11/26/2021,113-1545692-7024264,Amazon.com,,11/27/2021,CHESTER SPRINGS,PA,19425-2109,Shipped,AMZN_US(TBA080902069104),$19.99 ,$0.00 ,$1.08 ,$2.00 ,$1.08 ,$19.07 ,
11/26/2021,113-9626838-0536215,Amazon.com,,11/27/2021,CHESTER SPRINGS,PA,19425-2109,Shipped,AMZN_US(TBA081722631204),$15.99 ,$0.00 ,$0.90 ,$0.96 ,$0.90 ,$15.93 ,
11/26/2021,113-4200741-6341850,Amazon.com,,11/27/2021,CHESTER SPRINGS,PA,19425-2109,Shipped,AMZN_US(TBA081441403104),$11.16 ,$0.00 ,$0.68 ,$0.00 ,$0.68 ,$11.84 ,
12/5/2021,111-5765380-2887410,Amazon.com,,12/5/2021,,,,Shipped,,$50.00 ,$0.00 ,$0.00 ,$0.00 ,$0.00 ,$50.00 ,
12/9/2021,114-0339386-5463444,Amazon.com,,12/10/2021,CHESTER SPRINGS,PA,19425-2109,Shipped,AMZN_US(TBA104691389904),$12.99 ,$0.00 ,$0.39 ,$6.50 ,$0.39 ,$6.88 ,
12/10/2021,114-9181405-5705019,Amazon.com,,12/11/2021,CHESTER SPRINGS,PA,19425-2109,Shipped,USPS(9361289755007927851343),$12.99 ,$0.00 ,$0.23 ,$9.09 ,$0.23 ,$4.13 ,
12/11/2021,114-4814477-2400212,Amazon.com,,12/12/2021,CHESTER SPRINGS,PA,19425-2109,Shipped,AMZN_US(TBA108067034004),$24.99 ,$0.00 ,$0.00 ,$17.49 ,$0.00 ,$7.50 ,
12/14/2021,114-9345505-8421805,Amazon.com,,12/17/2021,CHESTER SPRINGS,PA,19425-2109,Shipped,AMZN_US(TBA117879770504),$3.48 ,$0.00 ,$0.00 ,$0.70 ,$0.00 ,$2.78 ,
12/16/2021,114-5846812-6966641,Amazon.com,,12/17/2021,CHESTER SPRINGS,PA,19425-2109,Shipped,AMZN_US(TBA117879770504),$9.98 ,$0.00 ,$0.00 ,$4.99 ,$0.00 ,$4.99 ,
12/16/2021,114-5788193-1353014,Amazon.com,,12/17/2021,CHESTER SPRINGS,PA,19425-2109,Shipped,UPS(1ZY500V20201680901),$13.99 ,$0.00 ,$0.00 ,$5.60 ,$0.00 ,$8.39 ,
12/17/2021,114-1394771-6547431,Amazon.com,,12/18/2021,CHESTER SPRINGS,PA,19425-2109,Shipped,USPS(9374889755008057006623),$17.99 ,$0.00 ,$1.08 ,$0.00 ,$1.08 ,$19.07 ,
12/17/2021,114-2459021-2094630,Amazon.com,,12/18/2021,CHESTER SPRINGS,PA,19425-2109,Shipped,AMZN_US(TBA120300875704),$13.57 ,$0.00 ,$0.81 ,$0.00 ,$0.81 ,$14.38 ,
12/18/2021,114-8855652-3978612,Amazon.com,,12/19/2021,CHESTER SPRINGS,PA,19425-2109,Shipped,UPS(1Z15830R1300551246),$9.99 ,$0.00 ,$0.30 ,$5.00 ,$0.30 ,$5.29 ,
12/18/2021,114-5082811-5741804,Amazon.com,,12/19/2021,CHESTER SPRINGS,PA,19425-2109,Shipped,AMZN_US(TBA122492271004),$12.99 ,$0.00 ,$0.31 ,$7.80 ,$0.31 ,$5.50 ,
12/18/2021,114-8420524-2783453,Amazon.com,,12/19/2021,CHESTER SPRINGS,PA,19425-2109,Shipped,AMZN_US(TBA121519371704),$21.99 ,$0.00 ,$1.32 ,$0.00 ,$1.32 ,$23.31 ,
12/18/2021,114-3587224-6882621,Amazon.com,,12/19/2021,CHESTER SPRINGS,PA,19425-2109,Shipped,AMZN_US(TBA121519371704),$19.99 ,$0.00 ,$0.36 ,$13.99 ,$0.36 ,$6.36 ,
12/19/2021,113-5194214-9568230,Amazon.com,,12/20/2021,CHESTER SPRINGS,PA,19425-2109,Shipped,AMZN_US(TBA123129616804),$12.99 ,$0.00 ,$0.78 ,$0.00 ,$0.78 ,$13.77 ,
12/23/2021,114-5291416-2069845,Amazon.com,,1/8/2022,CHESTER SPRINGS,PA,19425-2109,Shipped,UPS(1ZX27F340204138128),$6.17 ,$0.00 ,$0.00 ,$0.00 ,$0.00 ,$6.17 ,
12/24/2021,114-6943663-7513817,Amazon.com,,12/26/2021,CHESTER SPRINGS,PA,19425-2109,Shipped,AMZN_US(TBA130526385204),$6.89 ,$0.00 ,$0.00 ,$0.00 ,$0.00 ,$6.89 ,
12/27/2021,114-6432630-5017865,Amazon.com,,12/28/2021,CHESTER SPRINGS,PA,19425-2109,Shipped,USPS(9374889755008327377200),$5.37 ,$0.00 ,$0.00 ,$0.00 ,$0.00 ,$5.37 ,
12/31/2021,114-9211671-1168263,Amazon.com,,1/2/2022,CHESTER SPRINGS,PA,19425-2109,Shipped,AMZN_US(TBA138468735404),$42.96 ,$0.00 ,$0.00 ,$22.48 ,$0.00 ,$20.48 ,
12/31/2021,114-5829913-4209063,Amazon.com,,1/28/2022,CHESTER SPRINGS,PA,19425-2109,Shipped,AMZN_US(TBA138668429104),$0.00 ,$0.00 ,$0.00 ,$0.00 ,$0.00 ,$0.00 ,
12/31/2021,113-8596993-6670653,Amazon.com,,12/31/2021,,,,Shipped,,$30.00 ,$0.00 ,$0.00 ,$0.00 ,$0.00 ,$30.00 ,
1/4/2022,114-8237915-7639464,Amazon.com,,1/4/2022,CHESTER SPRINGS,PA,19425-2109,Shipped,AMZN_US(TBA141750998504),$8.49 ,$0.00 ,$0.51 ,$0.00 ,$0.51 ,$9.00 ,
1/5/2022,114-0167386-5116248,Amazon.com,,1/10/2022,CHESTER SPRINGS,PA,19425-2109,Shipped,USPS(9200190206002749801680),$5.99 ,$0.00 ,$0.18 ,$3.00 ,$0.18 ,$3.17 ,
1/7/2022,114-1235929-0759426,Amazon.com,,1/9/2022,CHESTER SPRINGS,PA,19425-2109,Shipped,AMZN_US(TBA148073022204),$15.00 ,$0.00 ,$0.00 ,$0.00 ,$0.00 ,$15.00 ,
1/9/2022,114-3775532-0117013,Amazon.com,,1/10/2022,CHESTER SPRINGS,PA,19425-2109,Shipped,AMZN_US(TBA149679001304),$25.99 ,$0.00 ,$0.78 ,$13.00 ,$0.78 ,$13.77 ,
1/14/2022,114-1452243-4989815,Amazon.com,,1/15/2022,CHESTER SPRINGS,PA,19425-2109,Shipped,AMZN_US(TBA156458237304),$5.99 ,$0.00 ,$0.36 ,$0.00 ,$0.36 ,$6.35 ,
1/20/2022,114-7825897-7988239,Amazon.com,,1/20/2022,CHESTER SPRINGS,PA,19425-2109,Shipped,AMZN_US(TBA163378303804),$13.98 ,$0.00 ,$0.00 ,$8.39 ,$0.00 ,$5.59 ,
1/24/2022,114-9395968-4298610,Amazon.com,,1/25/2022,CHESTER SPRINGS,PA,19425-2109,Shipped,USPS(9374889718109009635799),$23.99 ,$0.00 ,$0.00 ,$12.00 ,$0.00 ,$11.99 ,
1/29/2022,114-0550126-9368231,Amazon.com,,1/30/2022,CHESTER SPRINGS,PA,19425-2109,Shipped,USPS(9374889718109115976724),$15.99 ,$0.00 ,$0.00 ,$8.00 ,$0.00 ,$7.99 ,
1/29/2022,114-9744610-6955463,Amazon.com,,2/1/2022,CHESTER SPRINGS,PA,19425-2109,Shipped,AMZN_US(TBA177805411404),$16.99 ,$0.00 ,$0.41 ,$10.19 ,$0.41 ,$7.21 ,
2/5/2022,114-3472632-7642614,Amazon.com,,2/5/2022,CHESTER SPRINGS,PA,19425-2109,Shipped,AMZN_US(TBA182388481504),$16.02 ,$0.00 ,$0.96 ,$0.00 ,$0.96 ,$16.98 ,
2/10/2022,111-6588653-8662616,Amazon.com,,2/10/2022,CHESTER SPRINGS,PA,19425-2109,Shipped,AMZN_US(TBA188693396104),$17.99 ,$0.00 ,$1.08 ,$0.00 ,$1.08 ,$19.07 ,
2/10/2022,111-2306663-2146611,Amazon.com,,2/12/2022,CHESTER SPRINGS,PA,19425-2109,Shipped,AMZN_US(TBA190612755804),$11.99 ,$0.00 ,$0.72 ,$0.00 ,$0.72 ,$12.71 ,
2/11/2022,114-8200638-1504253,Amazon.com,,2/12/2022,CHESTER SPRINGS,PA,19425-2109,Shipped,USPS(9361289718109404438616),$20.99 ,$0.00 ,$0.38 ,$14.69 ,$0.38 ,$6.68 ,
2/15/2022,114-4267736-8755463,Amazon.com,,2/15/2022,CHESTER SPRINGS,PA,19425-2109,Shipped,AMZN_US(TBA194876051404),$26.98 ,$0.00 ,$0.00 ,$13.49 ,$0.00 ,$13.49 ,
2/18/2022,114-7214408-8997852,Amazon.com,,2/18/2022,CHESTER SPRINGS,PA,19425-2109,Shipped,AMZN_US(TBA198027617104),$26.99 ,$0.00 ,$0.00 ,$17.55 ,$0.00 ,$9.44 ,
2/18/2022,114-7284448-4483406,Amazon.com,,2/19/2022,CHESTER SPRINGS,PA,19425-2109,Shipped,AMZN_US(TBA198547087804),$9.99 ,$0.00 ,$0.33 ,$4.50 ,$0.33 ,$5.82 ,
2/19/2022,114-3798781-9554656,Amazon.com,,3/9/2022,CHESTER SPRINGS,PA,19425-2109,Shipped,AMZN_US(TBA020087438204),$7.72 ,$0.00 ,$0.46 ,$0.00 ,$0.46 ,$8.18 ,
2/20/2022,114-1980798-8177855,Amazon.com,,2/21/2022,CHESTER SPRINGS,PA,19425-2109,Shipped,AMZN_US(TBA001288577504),$4.99 ,$0.00 ,$0.30 ,$0.00 ,$0.30 ,$5.29 ,
2/20/2022,114-0488017-9568236,Amazon.com,,2/21/2022,CHESTER SPRINGS,PA,19425-2109,Shipped,AMZN_US(TBA001288577504),$32.59 ,$0.00 ,$0.00 ,$13.04 ,$0.00 ,$19.55 ,
2/26/2022,113-9618918-3724230,Amazon.com,,2/27/2022,CHESTER SPRINGS,PA,19425-2109,Shipped,USPS(9374889718109650020470),$5.98 ,$0.00 ,$0.36 ,$0.00 ,$0.36 ,$6.34 ,
3/13/2022,114-7676118-7773048,Amazon.com,,3/24/2022,CHESTER SPRINGS,PA,19425-2109,Shipped,UPS(1ZY433381332432655),$2.06 ,$0.00 ,$0.10 ,$0.52 ,$0.10 ,$1.64 ,
4/6/2022,112-3240198-1317033,Amazon.com,,4/8/2022,CHESTER SPRINGS,PA,19425-2109,Shipped,UPS(1Z09833V1284906012),$14.77 ,$0.00 ,$0.84 ,$0.74 ,$0.84 ,$14.87 ,
4/8/2022,113-0206069-1371432,Amazon.com,,4/8/2022,CHESTER SPRINGS,PA,19425-2109,Shipping soon,,$14.99 ,$0.00 ,$0.90 ,$0.00 ,$0.90 ,$15.89 ,
